surface,section,page_or_feature,route_or_url,primary_job,current_state,decision,notes
web-app,入口,数字孪生驾驶舱,/index,查看地图与专题,已有原型,保留并降级为农场空间视图,首屏改为今日工作台
web-app,入口,业务专题栏,临时状态,切换生产安全AI产值运营预警,已有原型,重组为局部导航,专题不再承担全部一级导航
web-app,生产,实时环境,专题面板,查看当前五项遥测,演示数据/快照,保留并扩展趋势与数据质量,对象必须可选且不自动漂移
web-app,生产,生产档案,专题面板,查看作物批次阶段,演示静态字段,升级为批次详情,支持生命周期和记录
web-app,安全,安防态势,专题面板,查看摄像头和围栏,本地演示/只读,迁移到预警与作业,接入告警处置和巡检工单
web-app,智能,AI托管中心,专题面板,审查和提交 AI 任务,前端内存/Dry Run,升级为 Agent 工作台,增加会话计划回执和持久化
web-app,智能,模型与知识库设置,AI 面板内页,查看配置槽位,未接入/阻断,保留为系统管理,需要服务端权限和版本治理
web-app,经营,产值预测,专题面板,查看预测指数,演示指数,升级为产量价格成本情景,明确模型误差和时间
web-app,运营,资源与设备,专题面板,查看资源和设施状态,只读演示基线,升级为数据健康与工单,接入计量与维护闭环
web-app,预警,预警中心,专题面板,筛选气候和虫害,演示基线/无回执,升级为事件中心,支持确认分派升级关闭复盘
web-app,作业,农事日历,缺失,安排生产计划,未实现,新增,绑定批次和负责人
web-app,作业,任务与工单,缺失,推动执行和反馈,未实现,新增,移动端主工作面
web-app,台账,投入品与追溯,缺失,证明合规和批次过程,未实现,新增,二维码和认证材料
web-app,系统,成员权限与数据源,缺失,管理访问和数据质量,未实现,新增,角色范围审计通知
